{
  "Login - Get Bearer Token" : {
    "transaction" : "Login - Get Bearer Token",
    "sampleCount" : 5,
    "errorCount" : 0,
    "errorPct" : 0.0,
    "meanResTime" : 1131.2,
    "medianResTime" : 960.0,
    "minResTime" : 587.0,
    "maxResTime" : 2010.0,
    "pct1ResTime" : 2010.0,
    "pct2ResTime" : 2010.0,
    "pct3ResTime" : 2010.0,
    "throughput" : 0.589553118735998,
    "receivedKBytesPerSec" : 1.6699782970758166,
    "sentKBytesPerSec" : 0.1468125442164839
  },
  "GET Products with Auth" : {
    "transaction" : "GET Products with Auth",
    "sampleCount" : 5,
    "errorCount" : 0,
    "errorPct" : 0.0,
    "meanResTime" : 465.6,
    "medianResTime" : 449.0,
    "minResTime" : 385.0,
    "maxResTime" : 581.0,
    "pct1ResTime" : 581.0,
    "pct2ResTime" : 581.0,
    "pct3ResTime" : 581.0,
    "throughput" : 0.6721333512568893,
    "receivedKBytesPerSec" : 5.562428585831429,
    "sentKBytesPerSec" : 0.36232188466191695
  },
  "POST Add New Post" : {
    "transaction" : "POST Add New Post",
    "sampleCount" : 5,
    "errorCount" : 0,
    "errorPct" : 0.0,
    "meanResTime" : 477.8,
    "medianResTime" : 470.0,
    "minResTime" : 424.0,
    "maxResTime" : 543.0,
    "pct1ResTime" : 543.0,
    "pct2ResTime" : 543.0,
    "pct3ResTime" : 543.0,
    "throughput" : 0.6946373992775772,
    "receivedKBytesPerSec" : 0.8771153879549874,
    "sentKBytesPerSec" : 0.5704980984301194
  },
  "Total" : {
    "transaction" : "Total",
    "sampleCount" : 30,
    "errorCount" : 0,
    "errorPct" : 0.0,
    "meanResTime" : 589.0000000000001,
    "medianResTime" : 515.0,
    "minResTime" : 337.0,
    "maxResTime" : 2010.0,
    "pct1ResTime" : 935.0000000000006,
    "pct2ResTime" : 1672.2999999999995,
    "pct3ResTime" : 2010.0,
    "throughput" : 0.8457136413610351,
    "receivedKBytesPerSec" : 2.4043925133199897,
    "sentKBytesPerSec" : 0.49498474191638714
  },
  "GET Current User Profile" : {
    "transaction" : "GET Current User Profile",
    "sampleCount" : 5,
    "errorCount" : 0,
    "errorPct" : 0.0,
    "meanResTime" : 502.4,
    "medianResTime" : 460.0,
    "minResTime" : 414.0,
    "maxResTime" : 710.0,
    "pct1ResTime" : 710.0,
    "pct2ResTime" : 710.0,
    "pct3ResTime" : 710.0,
    "throughput" : 0.686436024162548,
    "receivedKBytesPerSec" : 1.6507981963893466,
    "sentKBytesPerSec" : 0.36064705175727624
  },
  "POST Add New Todo" : {
    "transaction" : "POST Add New Todo",
    "sampleCount" : 5,
    "errorCount" : 0,
    "errorPct" : 0.0,
    "meanResTime" : 469.4,
    "medianResTime" : 527.0,
    "minResTime" : 337.0,
    "maxResTime" : 530.0,
    "pct1ResTime" : 530.0,
    "pct2ResTime" : 530.0,
    "pct3ResTime" : 530.0,
    "throughput" : 0.7148984844152131,
    "receivedKBytesPerSec" : 0.789460162281956,
    "sentKBytesPerSec" : 0.45937812768086933
  },
  "POST Add New Product" : {
    "transaction" : "POST Add New Product",
    "sampleCount" : 5,
    "errorCount" : 0,
    "errorPct" : 0.0,
    "meanResTime" : 487.6,
    "medianResTime" : 527.0,
    "minResTime" : 412.0,
    "maxResTime" : 531.0,
    "pct1ResTime" : 531.0,
    "pct2ResTime" : 531.0,
    "pct3ResTime" : 531.0,
    "throughput" : 0.7270612185546024,
    "receivedKBytesPerSec" : 0.8564269939653919,
    "sentKBytesPerSec" : 0.5339355823760361
  }
}